CurrentDateTime,RSSI,RSRP,RSRQ,RSSNR,CQI,TA,Level,ANDRO_ID,Bitrate (DataSource),Bitrate (Mpd),Resolution (Displayed),Resolution (Mpd),Rebuffering (Last),Segment Size,State Current
2024-02-14T15:36:59.406,-101,-100,-13,-20,7,2147483647,1,c213b90a14211698,0,0,null,null,0,0.0,STATE_BUFFERING
2024-02-14T15:37:00.406,-103,-103,-12,-20,7,2147483647,1,c213b90a14211698,3200,1801,736x414,736x414,962,2.0,STATE_READY
2024-02-14T15:37:01.407,-105,-105,-12,-20,7,2147483647,1,c213b90a14211698,5203,1801,736x414,736x414,962,2.0,STATE_READY
2024-02-14T15:37:02.406,-105,-105,-12,-20,7,2147483647,1,c213b90a14211698,9474,1801,736x414,736x414,962,2.0,STATE_READY
2024-02-14T15:37:03.407,-105,-105,-12,-20,7,2147483647,1,c213b90a14211698,7921,1801,736x414,736x414,962,2.0,STATE_READY
2024-02-14T15:37:04.406,-103,-103,-12,-20,7,2147483647,1,c213b90a14211698,7921,1801,736x414,736x414,962,2.0,STATE_READY
2024-02-14T15:37:05.406,-103,-103,-12,-20,7,2147483647,1,c213b90a14211698,6364,1801,736x414,736x414,962,2.0,STATE_READY
2024-02-14T15:37:06.406,-99,-99,-12,-20,7,2147483647,1,c213b90a14211698,6349,4375,736x414,1920x1080,962,2.0,STATE_READY
2024-02-14T15:37:07.408,-99,-99,-12,-20,7,2147483647,1,c213b90a14211698,6364,4375,736x414,1920x1080,962,2.0,STATE_READY
2024-02-14T15:37:08.407,-97,-97,-11,-20,7,2147483647,1,c213b90a14211698,6702,4375,736x414,1920x1080,962,2.0,STATE_READY
2024-02-14T15:37:09.407,-97,-97,-11,-20,7,2147483647,1,c213b90a14211698,7189,4375,736x414,1920x1080,962,2.0,STATE_READY
2024-02-14T15:37:10.407,-97,-97,-11,-20,7,2147483647,1,c213b90a14211698,7614,4375,736x414,1920x1080,962,2.0,STATE_READY
2024-02-14T15:37:11.406,-95,-95,-11,-20,7,2147483647,1,c213b90a14211698,7614,4375,736x414,1920x1080,962,2.0,STATE_READY
2024-02-14T15:37:12.408,-95,-95,-11,-20,7,2147483647,1,c213b90a14211698,7110,4375,736x414,1920x1080,962,2.0,STATE_READY
2024-02-14T15:37:13.407,-95,-95,-11,-20,7,2147483647,1,c213b90a14211698,5950,3918,736x414,1920x1080,962,2.0,STATE_READY
2024-02-14T15:37:14.406,-95,-95,-11,-20,7,2147483647,1,c213b90a14211698,5950,3918,736x414,1920x1080,962,2.0,STATE_READY
2024-02-14T15:37:15.406,-95,-95,-11,-20,7,2147483647,1,c213b90a14211698,5950,3918,736x414,1920x1080,962,2.0,STATE_READY
2024-02-14T15:37:16.406,-95,-95,-11,-20,7,2147483647,1,c213b90a14211698,8274,4375,1920x1080,1920x1080,962,2.0,STATE_READY
2024-02-14T15:37:17.407,-95,-95,-11,-20,7,2147483647,1,c213b90a14211698,7617,4375,1920x1080,1920x1080,962,2.0,STATE_READY
2024-02-14T15:37:18.407,-95,-95,-11,-20,7,2147483647,1,c213b90a14211698,7617,4375,1920x1080,1920x1080,962,2.0,STATE_READY
2024-02-14T15:37:19.406,-97,-97,-12,-20,7,2147483647,1,c213b90a14211698,6693,4375,1920x1080,1920x1080,962,2.0,STATE_READY
2024-02-14T15:37:20.406,-99,-99,-13,-20,7,2147483647,1,c213b90a14211698,6693,4375,1920x1080,1920x1080,962,2.0,STATE_READY
2024-02-14T15:37:21.406,-99,-99,-13,-20,7,2147483647,1,c213b90a14211698,8047,4375,1920x1080,1920x1080,962,2.0,STATE_READY
2024-02-14T15:37:22.407,-99,-99,-13,-20,7,2147483647,1,c213b90a14211698,7250,4375,1920x1080,1920x1080,962,2.0,STATE_READY
2024-02-14T15:37:23.406,-99,-99,-13,-20,7,2147483647,1,c213b90a14211698,7250,4375,1920x1080,1920x1080,962,2.0,STATE_READY
2024-02-14T15:37:24.407,-99,-99,-13,-20,7,2147483647,1,c213b90a14211698,6913,4375,1920x1080,1920x1080,962,2.0,STATE_READY
2024-02-14T15:37:25.407,-97,-97,-13,-20,7,2147483647,1,c213b90a14211698,6913,4375,1920x1080,1920x1080,962,2.0,STATE_READY
2024-02-14T15:37:26.407,-97,-97,-13,-20,7,2147483647,1,c213b90a14211698,6556,4375,1920x1080,1920x1080,962,2.0,STATE_READY
2024-02-14T15:37:27.407,-97,-97,-13,-20,7,2147483647,1,c213b90a14211698,6556,4375,1920x1080,1920x1080,962,2.0,STATE_READY
2024-02-14T15:37:28.407,-95,-95,-12,-20,7,2147483647,1,c213b90a14211698,7526,4375,1920x1080,1920x1080,962,2.0,STATE_READY
2024-02-14T15:37:29.407,-95,-95,-12,-20,7,2147483647,1,c213b90a14211698,7526,4375,1920x1080,1920x1080,962,2.0,STATE_READY
2024-02-14T15:37:30.407,-95,-95,-12,-20,7,2147483647,1,c213b90a14211698,7028,4375,1920x1080,1920x1080,962,2.0,STATE_READY
2024-02-14T15:37:31.406,-95,-95,-12,-20,7,2147483647,1,c213b90a14211698,6758,4375,1920x1080,1920x1080,962,2.0,STATE_READY
2024-02-14T15:37:32.407,-95,-95,-12,-20,7,2147483647,1,c213b90a14211698,6758,4375,1920x1080,1920x1080,962,2.0,STATE_READY
2024-02-14T15:37:33.406,-95,-95,-12,-20,7,2147483647,1,c213b90a14211698,7871,4375,1920x1080,1920x1080,962,2.0,STATE_READY
2024-02-14T15:37:34.407,-95,-95,-12,-20,7,2147483647,1,c213b90a14211698,7005,4375,1920x1080,1920x1080,962,2.0,STATE_READY
2024-02-14T15:37:35.406,-95,-95,-12,-20,7,2147483647,1,c213b90a14211698,8588,4375,1920x1080,1920x1080,962,2.0,STATE_READY
2024-02-14T15:37:36.407,-95,-95,-12,-20,7,2147483647,1,c213b90a14211698,8588,4375,1920x1080,1920x1080,962,2.0,STATE_READY
2024-02-14T15:37:37.406,-95,-95,-12,-20,7,2147483647,1,c213b90a14211698,7269,4375,1920x1080,1920x1080,962,2.0,STATE_READY
2024-02-14T15:37:38.407,-95,-95,-12,-20,7,2147483647,1,c213b90a14211698,7269,4375,1920x1080,1920x1080,962,2.0,STATE_READY
2024-02-14T15:37:39.407,-95,-95,-12,-20,7,2147483647,1,c213b90a14211698,7269,4375,1920x1080,1920x1080,962,2.0,STATE_READY
2024-02-14T15:37:40.407,-95,-95,-12,-20,7,2147483647,1,c213b90a14211698,7269,4375,1920x1080,1920x1080,962,2.0,STATE_READY
2024-02-14T15:37:41.407,-95,-95,-12,-20,7,2147483647,1,c213b90a14211698,5250,4375,1920x1080,1920x1080,962,2.0,STATE_READY
2024-02-14T15:37:42.406,-95,-95,-12,-20,7,2147483647,1,c213b90a14211698,5250,4375,1920x1080,1920x1080,962,2.0,STATE_READY
2024-02-14T15:37:43.406,-95,-95,-12,-20,7,2147483647,1,c213b90a14211698,5250,4375,1920x1080,1920x1080,962,2.0,STATE_READY
2024-02-14T15:37:44.407,-95,-95,-12,-20,7,2147483647,1,c213b90a14211698,6846,4375,1920x1080,1920x1080,962,2.0,STATE_READY
2024-02-14T15:37:45.406,-95,-95,-12,-20,7,2147483647,1,c213b90a14211698,6360,4375,1920x1080,1920x1080,962,2.0,STATE_READY
2024-02-14T15:37:46.407,-95,-95,-12,-20,7,2147483647,1,c213b90a14211698,6360,4375,1920x1080,1920x1080,962,2.0,STATE_READY
2024-02-14T15:37:47.407,-95,-95,-12,-20,7,2147483647,1,c213b90a14211698,7304,4375,1920x1080,1920x1080,962,2.0,STATE_READY
2024-02-14T15:37:48.407,-95,-95,-12,-20,7,2147483647,1,c213b90a14211698,6830,4375,1920x1080,1920x1080,962,2.0,STATE_READY
2024-02-14T15:37:49.406,-95,-95,-12,-20,7,2147483647,1,c213b90a14211698,6830,4375,1920x1080,1920x1080,962,2.0,STATE_READY
2024-02-14T15:37:50.406,-95,-95,-12,-20,7,2147483647,1,c213b90a14211698,6343,4375,1920x1080,1920x1080,962,2.0,STATE_READY
2024-02-14T15:37:51.407,-95,-95,-12,-20,7,2147483647,1,c213b90a14211698,5726,4375,1920x1080,1920x1080,962,2.0,STATE_READY
2024-02-14T15:37:52.407,-95,-95,-12,-20,7,2147483647,1,c213b90a14211698,5726,4375,1920x1080,1920x1080,962,2.0,STATE_READY
2024-02-14T15:37:53.406,-95,-95,-12,-20,7,2147483647,1,c213b90a14211698,6690,4375,1920x1080,1920x1080,962,2.0,STATE_READY
2024-02-14T15:37:54.406,-95,-95,-12,-20,7,2147483647,1,c213b90a14211698,6690,4375,1920x1080,1920x1080,962,2.0,STATE_READY
2024-02-14T15:37:55.406,-95,-95,-12,-20,7,2147483647,1,c213b90a14211698,6690,4375,1920x1080,1920x1080,962,2.0,STATE_READY
2024-02-14T15:37:56.407,-95,-95,-12,-20,7,2147483647,1,c213b90a14211698,6676,4375,1920x1080,1920x1080,962,2.0,STATE_READY
2024-02-14T15:37:57.407,-95,-95,-12,-20,7,2147483647,1,c213b90a14211698,7148,4375,1920x1080,1920x1080,962,2.0,STATE_READY
2024-02-14T15:37:58.407,-95,-95,-12,-20,7,2147483647,1,c213b90a14211698,7148,4375,1920x1080,1920x1080,962,2.0,STATE_READY
2024-02-14T15:37:59.407,-95,-95,-12,-20,7,2147483647,1,c213b90a14211698,7084,4375,1920x1080,1920x1080,962,2.0,STATE_READY
2024-02-14T15:38:00.406,-95,-95,-12,-20,7,2147483647,1,c213b90a14211698,7084,4375,1920x1080,1920x1080,962,2.0,STATE_READY
2024-02-14T15:38:01.406,-95,-95,-12,-20,7,2147483647,1,c213b90a14211698,7512,4375,1920x1080,1920x1080,962,2.0,STATE_READY
2024-02-14T15:38:02.407,-95,-95,-12,-20,7,2147483647,1,c213b90a14211698,6967,4375,1920x1080,1920x1080,962,2.0,STATE_READY
2024-02-14T15:38:03.406,-95,-95,-12,-20,7,2147483647,1,c213b90a14211698,6967,4375,1920x1080,1920x1080,962,2.0,STATE_READY
2024-02-14T15:38:04.406,-95,-95,-12,-20,7,2147483647,1,c213b90a14211698,6967,4375,1920x1080,1920x1080,962,2.0,STATE_READY
2024-02-14T15:38:05.407,-95,-95,-12,-20,7,2147483647,1,c213b90a14211698,6523,4375,1920x1080,1920x1080,962,2.0,STATE_READY
2024-02-14T15:38:06.407,-95,-95,-12,-20,7,2147483647,1,c213b90a14211698,6523,4375,1920x1080,1920x1080,962,2.0,STATE_READY
2024-02-14T15:38:07.406,-95,-95,-12,-20,7,2147483647,1,c213b90a14211698,7993,4375,1920x1080,1920x1080,962,2.0,STATE_READY
2024-02-14T15:38:08.407,-95,-95,-12,-20,7,2147483647,1,c213b90a14211698,7993,4375,1920x1080,1920x1080,962,2.0,STATE_READY
2024-02-14T15:38:09.406,-95,-95,-12,-20,7,2147483647,1,c213b90a14211698,8571,4375,1920x1080,1920x1080,962,2.0,STATE_READY
2024-02-14T15:38:10.407,-95,-95,-12,-20,7,2147483647,1,c213b90a14211698,8571,4375,1920x1080,1920x1080,962,2.0,STATE_READY
2024-02-14T15:38:11.407,-95,-95,-12,-20,7,2147483647,1,c213b90a14211698,7668,4375,1920x1080,1920x1080,962,2.0,STATE_READY
2024-02-14T15:38:12.406,-95,-95,-12,-20,7,2147483647,1,c213b90a14211698,7668,4375,1920x1080,1920x1080,962,2.0,STATE_READY
2024-02-14T15:38:13.406,-95,-95,-12,-20,7,2147483647,1,c213b90a14211698,6992,4375,1920x1080,1920x1080,962,2.0,STATE_READY
2024-02-14T15:38:14.407,-95,-95,-12,-20,7,2147483647,1,c213b90a14211698,6992,4375,1920x1080,1920x1080,962,2.0,STATE_READY
2024-02-14T15:38:15.407,-95,-95,-12,-20,7,2147483647,1,c213b90a14211698,6992,4375,1920x1080,1920x1080,962,2.0,STATE_READY
2024-02-14T15:38:16.406,-95,-95,-12,-20,7,2147483647,1,c213b90a14211698,6763,4375,1920x1080,1920x1080,962,2.0,STATE_READY
2024-02-14T15:38:17.407,-95,-95,-12,-20,7,2147483647,1,c213b90a14211698,6763,4375,1920x1080,1920x1080,962,2.0,STATE_READY
2024-02-14T15:38:18.407,-95,-95,-12,-20,7,2147483647,1,c213b90a14211698,6763,4375,1920x1080,1920x1080,962,2.0,STATE_READY
2024-02-14T15:38:19.407,-95,-95,-12,-20,7,2147483647,1,c213b90a14211698,6763,4375,1920x1080,1920x1080,962,2.0,STATE_READY
2024-02-14T15:38:20.407,-95,-95,-12,-20,7,2147483647,1,c213b90a14211698,6763,4375,1920x1080,1920x1080,962,2.0,STATE_READY
2024-02-14T15:38:21.407,-95,-95,-12,-20,7,2147483647,1,c213b90a14211698,6763,4375,1920x1080,1920x1080,962,2.0,STATE_READY
2024-02-14T15:38:22.407,-95,-95,-12,-20,7,2147483647,1,c213b90a14211698,6763,4375,1920x1080,1920x1080,962,2.0,STATE_READY
2024-02-14T15:38:23.407,-95,-95,-12,-20,7,2147483647,1,c213b90a14211698,6763,4375,1920x1080,1920x1080,962,2.0,STATE_READY
2024-02-14T15:38:24.407,-95,-95,-12,-20,7,2147483647,1,c213b90a14211698,6763,4375,1920x1080,1920x1080,962,2.0,STATE_READY
2024-02-14T15:38:25.407,-95,-95,-12,-20,7,2147483647,1,c213b90a14211698,6763,4375,1920x1080,1920x1080,962,2.0,STATE_READY
2024-02-14T15:38:26.407,-95,-95,-12,-20,7,2147483647,1,c213b90a14211698,6763,4375,1920x1080,1920x1080,962,2.0,STATE_READY
2024-02-14T15:38:27.407,-95,-95,-12,-20,7,2147483647,1,c213b90a14211698,6763,4375,1920x1080,1920x1080,962,2.0,STATE_READY
2024-02-14T15:38:28.407,-95,-95,-12,-20,7,2147483647,1,c213b90a14211698,6763,4375,1920x1080,1920x1080,962,2.0,STATE_READY
2024-02-14T15:38:29.407,-95,-95,-12,-20,7,2147483647,1,c213b90a14211698,6763,4375,1920x1080,1920x1080,962,2.0,STATE_READY
2024-02-14T15:38:30.407,-95,-95,-12,-20,7,2147483647,1,c213b90a14211698,6763,4375,1920x1080,1920x1080,962,2.0,STATE_READY
2024-02-14T15:38:31.406,-95,-95,-12,-20,7,2147483647,1,c213b90a14211698,6763,4375,1920x1080,1920x1080,962,2.0,STATE_READY
2024-02-14T15:38:32.407,-95,-95,-12,-20,7,2147483647,1,c213b90a14211698,816,4375,1920x1080,1920x1080,962,2.0,STATE_READY
2024-02-14T15:38:33.408,-95,-95,-12,-20,7,2147483647,1,c213b90a14211698,816,4375,1920x1080,1920x1080,962,2.0,STATE_READY
2024-02-14T15:38:34.407,-95,-95,-12,-20,7,2147483647,1,c213b90a14211698,816,4375,1920x1080,1920x1080,962,2.0,STATE_READY
2024-02-14T15:38:35.407,-95,-95,-12,-20,7,2147483647,1,c213b90a14211698,816,4375,1920x1080,1920x1080,962,2.0,STATE_READY
2024-02-14T15:38:36.407,-95,-95,-12,-20,7,2147483647,1,c213b90a14211698,2220,4375,1920x1080,1920x1080,962,2.0,STATE_READY
2024-02-14T15:38:37.408,-95,-95,-12,-20,7,2147483647,1,c213b90a14211698,2220,4375,1920x1080,1920x1080,962,2.0,STATE_READY
2024-02-14T15:38:38.407,-95,-95,-12,-20,7,2147483647,1,c213b90a14211698,2220,4375,1920x1080,1920x1080,962,2.0,STATE_READY
2024-02-14T15:38:39.407,-95,-95,-12,-20,7,2147483647,1,c213b90a14211698,2220,4375,1920x1080,1920x1080,962,2.0,STATE_READY
2024-02-14T15:38:40.407,-95,-95,-12,-20,7,2147483647,1,c213b90a14211698,2220,4375,1920x1080,1920x1080,962,2.0,STATE_READY
2024-02-14T15:38:41.407,-95,-95,-12,-20,7,2147483647,1,c213b90a14211698,2220,4375,1920x1080,1920x1080,962,2.0,STATE_READY
2024-02-14T15:38:42.407,-93,-93,-13,-20,7,2147483647,1,c213b90a14211698,2220,4375,1920x1080,1920x1080,962,2.0,STATE_READY
2024-02-14T15:38:43.408,-93,-93,-13,-20,7,2147483647,1,c213b90a14211698,2220,4375,1920x1080,1920x1080,962,2.0,STATE_READY
2024-02-14T15:38:44.407,-93,-93,-13,-20,7,2147483647,1,c213b90a14211698,2220,4375,1920x1080,1920x1080,962,2.0,STATE_READY
2024-02-14T15:38:45.407,-93,-93,-13,-20,7,2147483647,1,c213b90a14211698,2220,4375,1920x1080,1920x1080,962,2.0,STATE_READY
2024-02-14T15:38:46.406,-95,-95,-13,-20,7,2147483647,1,c213b90a14211698,2301,4375,1920x1080,1920x1080,962,2.0,STATE_READY
2024-02-14T15:38:47.407,-95,-95,-13,-20,7,2147483647,1,c213b90a14211698,2301,4375,1920x1080,1920x1080,962,2.0,STATE_READY
2024-02-14T15:38:48.406,-95,-95,-13,-20,7,2147483647,1,c213b90a14211698,3447,4375,1920x1080,1920x1080,962,2.0,STATE_READY
2024-02-14T15:38:49.407,-95,-95,-13,-20,7,2147483647,1,c213b90a14211698,3447,4375,1920x1080,1920x1080,962,2.0,STATE_READY
2024-02-14T15:38:50.407,-95,-95,-13,-20,7,2147483647,1,c213b90a14211698,3447,4375,1920x1080,1920x1080,962,2.0,STATE_READY
2024-02-14T15:38:51.407,-95,-95,-13,-20,7,2147483647,1,c213b90a14211698,2974,4375,1920x1080,1920x1080,962,2.0,STATE_READY
2024-02-14T15:38:52.407,-95,-95,-13,-20,7,2147483647,1,c213b90a14211698,2974,4375,1920x1080,1920x1080,962,2.0,STATE_READY
2024-02-14T15:38:53.407,-95,-95,-13,-20,7,2147483647,1,c213b90a14211698,2974,4375,1920x1080,1920x1080,962,2.0,STATE_READY
2024-02-14T15:38:54.407,-95,-95,-13,-20,7,2147483647,1,c213b90a14211698,2697,4375,1920x1080,1920x1080,962,2.0,STATE_READY
2024-02-14T15:38:55.407,-95,-95,-13,-20,7,2147483647,1,c213b90a14211698,2697,4375,1920x1080,1920x1080,962,2.0,STATE_READY
2024-02-14T15:38:56.407,-95,-95,-13,-20,7,2147483647,1,c213b90a14211698,2697,4375,1920x1080,1920x1080,962,2.0,STATE_READY
2024-02-14T15:38:57.407,-95,-95,-13,-20,7,2147483647,1,c213b90a14211698,2697,4375,1920x1080,1920x1080,962,2.0,STATE_READY
2024-02-14T15:38:58.407,-95,-95,-13,-20,7,2147483647,1,c213b90a14211698,2697,4375,1920x1080,1920x1080,962,2.0,STATE_READY
2024-02-14T15:38:59.407,-95,-95,-13,-20,7,2147483647,1,c213b90a14211698,2697,4375,1920x1080,1920x1080,962,2.0,STATE_READY
2024-02-14T15:39:00.407,-95,-95,-13,-20,7,2147483647,1,c213b90a14211698,1986,1077,1920x1080,640x360,962,2.0,STATE_READY
2024-02-14T15:39:01.408,-95,-95,-13,-20,7,2147483647,1,c213b90a14211698,1986,1077,1920x1080,640x360,962,2.0,STATE_READY
2024-02-14T15:39:02.406,-95,-95,-13,-20,7,2147483647,1,c213b90a14211698,2363,1077,1920x1080,640x360,962,2.0,STATE_READY
2024-02-14T15:39:03.406,-95,-95,-13,-20,7,2147483647,1,c213b90a14211698,2368,1077,1920x1080,640x360,962,2.0,STATE_READY
2024-02-14T15:39:04.407,-95,-95,-13,-20,7,2147483647,1,c213b90a14211698,2368,1077,1920x1080,640x360,962,2.0,STATE_READY
2024-02-14T15:39:05.407,-95,-95,-13,-20,7,2147483647,1,c213b90a14211698,2368,1077,1920x1080,640x360,962,2.0,STATE_READY
2024-02-14T15:39:06.406,-95,-95,-13,-20,7,2147483647,1,c213b90a14211698,2368,1077,1920x1080,640x360,962,2.0,STATE_READY
2024-02-14T15:39:07.407,-95,-95,-13,-20,7,2147483647,1,c213b90a14211698,2368,1077,1920x1080,640x360,962,2.0,STATE_READY
2024-02-14T15:39:08.406,-95,-95,-13,-20,7,2147483647,1,c213b90a14211698,1966,1077,1920x1080,640x360,962,2.0,STATE_READY
2024-02-14T15:39:09.406,-95,-95,-13,-20,7,2147483647,1,c213b90a14211698,1966,1077,1920x1080,640x360,962,2.0,STATE_READY
2024-02-14T15:39:10.406,-95,-95,-13,-20,7,2147483647,1,c213b90a14211698,1966,1077,1920x1080,640x360,962,2.0,STATE_READY
2024-02-14T15:39:11.407,-95,-95,-13,-20,7,2147483647,1,c213b90a14211698,2414,1077,1920x1080,640x360,962,2.0,STATE_READY
2024-02-14T15:39:12.407,-95,-95,-13,-20,7,2147483647,1,c213b90a14211698,2560,1077,1920x1080,640x360,962,2.0,STATE_READY
2024-02-14T15:39:13.407,-95,-95,-13,-20,7,2147483647,1,c213b90a14211698,2560,1077,1920x1080,640x360,962,2.0,STATE_READY
2024-02-14T15:39:14.407,-95,-95,-13,-20,7,2147483647,1,c213b90a14211698,2895,1801,1920x1080,736x414,962,2.0,STATE_READY
2024-02-14T15:39:15.407,-95,-95,-13,-20,7,2147483647,1,c213b90a14211698,2895,1801,1920x1080,736x414,962,2.0,STATE_READY
2024-02-14T15:39:16.406,-95,-95,-13,-20,7,2147483647,1,c213b90a14211698,2895,1801,1920x1080,736x414,962,2.0,STATE_READY
2024-02-14T15:39:17.407,-95,-95,-13,-20,7,2147483647,1,c213b90a14211698,2895,1801,1920x1080,736x414,962,2.0,STATE_READY
2024-02-14T15:39:18.406,-95,-95,-13,-20,7,2147483647,1,c213b90a14211698,3010,1801,1920x1080,736x414,962,2.0,STATE_READY
2024-02-14T15:39:19.407,-95,-95,-13,-20,7,2147483647,1,c213b90a14211698,3064,1801,1920x1080,736x414,962,2.0,STATE_READY
2024-02-14T15:39:20.407,-95,-95,-13,-20,7,2147483647,1,c213b90a14211698,3064,1801,1920x1080,736x414,962,2.0,STATE_READY
2024-02-14T15:39:21.407,-95,-95,-13,-20,7,2147483647,1,c213b90a14211698,3064,1801,1920x1080,736x414,962,2.0,STATE_READY
2024-02-14T15:39:22.406,-95,-95,-13,-20,7,2147483647,1,c213b90a14211698,3064,1801,640x360,736x414,962,2.0,STATE_READY
2024-02-14T15:39:23.406,-95,-95,-13,-20,7,2147483647,1,c213b90a14211698,2524,1801,640x360,736x414,962,2.0,STATE_READY
2024-02-14T15:39:24.406,-95,-95,-13,-20,7,2147483647,1,c213b90a14211698,2524,1801,640x360,736x414,962,2.0,STATE_READY
2024-02-14T15:39:25.406,-95,-95,-13,-20,7,2147483647,1,c213b90a14211698,2524,1801,640x360,736x414,962,2.0,STATE_READY
2024-02-14T15:39:26.406,-95,-95,-13,-20,7,2147483647,1,c213b90a14211698,2422,1801,640x360,736x414,962,2.0,STATE_READY
2024-02-14T15:39:27.407,-95,-95,-13,-20,7,2147483647,1,c213b90a14211698,2422,1801,640x360,736x414,962,2.0,STATE_READY
2024-02-14T15:39:28.406,-95,-95,-13,-20,7,2147483647,1,c213b90a14211698,2376,1801,640x360,736x414,962,2.0,STATE_READY
2024-02-14T15:39:29.406,-95,-95,-13,-20,7,2147483647,1,c213b90a14211698,2376,1801,640x360,736x414,962,2.0,STATE_READY
2024-02-14T15:39:30.407,-95,-95,-13,-20,7,2147483647,1,c213b90a14211698,2376,1801,640x360,736x414,962,2.0,STATE_READY
2024-02-14T15:39:31.407,-95,-95,-13,-20,7,2147483647,1,c213b90a14211698,2376,1801,640x360,736x414,962,2.0,STATE_READY
2024-02-14T15:39:32.407,-95,-95,-13,-20,7,2147483647,1,c213b90a14211698,2376,1801,640x360,736x414,962,2.0,STATE_READY
2024-02-14T15:39:33.407,-95,-95,-13,-20,7,2147483647,1,c213b90a14211698,1741,1801,640x360,736x414,962,2.0,STATE_READY
2024-02-14T15:39:34.406,-95,-95,-13,-20,7,2147483647,1,c213b90a14211698,1741,1077,640x360,640x360,962,2.0,STATE_READY
2024-02-14T15:39:35.406,-95,-95,-13,-20,7,2147483647,1,c213b90a14211698,1741,1077,640x360,640x360,962,2.0,STATE_READY
2024-02-14T15:39:36.407,-95,-95,-13,-20,7,2147483647,1,c213b90a14211698,2993,1801,640x360,736x414,962,2.0,STATE_READY
2024-02-14T15:39:37.407,-95,-95,-13,-20,7,2147483647,1,c213b90a14211698,2993,1801,640x360,736x414,962,2.0,STATE_READY
2024-02-14T15:39:38.406,-95,-95,-13,-20,7,2147483647,1,c213b90a14211698,4976,3091,640x360,1280x720,962,2.0,STATE_READY
2024-02-14T15:39:39.407,-95,-95,-13,-20,7,2147483647,1,c213b90a14211698,7156,4375,640x360,1920x1080,962,2.0,STATE_READY
2024-02-14T15:39:40.407,-95,-95,-13,-20,7,2147483647,1,c213b90a14211698,9070,4375,736x414,1920x1080,962,2.0,STATE_READY
2024-02-14T15:39:41.406,-95,-95,-13,-20,7,2147483647,1,c213b90a14211698,13990,4375,736x414,1920x1080,962,2.0,STATE_READY
2024-02-14T15:39:42.406,-95,-95,-13,-20,7,2147483647,1,c213b90a14211698,13990,4375,736x414,1920x1080,962,2.0,STATE_READY
2024-02-14T15:39:43.406,-95,-95,-13,-20,7,2147483647,1,c213b90a14211698,9363,4375,736x414,1920x1080,962,2.0,STATE_READY
2024-02-14T15:39:44.407,-95,-95,-13,-20,7,2147483647,1,c213b90a14211698,9363,4375,736x414,1920x1080,962,2.0,STATE_READY
2024-02-14T15:39:45.407,-95,-95,-13,-20,7,2147483647,1,c213b90a14211698,7070,4375,736x414,1920x1080,962,2.0,STATE_READY
2024-02-14T15:39:46.407,-95,-95,-13,-20,7,2147483647,1,c213b90a14211698,7070,4375,736x414,1920x1080,962,2.0,STATE_READY
2024-02-14T15:39:47.407,-95,-95,-13,-20,7,2147483647,1,c213b90a14211698,7070,4375,736x414,1920x1080,962,2.0,STATE_READY
2024-02-14T15:39:48.407,-95,-95,-13,-20,7,2147483647,1,c213b90a14211698,7816,4375,736x414,1920x1080,962,2.0,STATE_READY
2024-02-14T15:39:49.407,-95,-95,-13,-20,7,2147483647,1,c213b90a14211698,7816,4375,736x414,1920x1080,962,2.0,STATE_READY
2024-02-14T15:39:50.407,-95,-95,-13,-20,7,2147483647,1,c213b90a14211698,7206,4375,736x414,1920x1080,962,2.0,STATE_READY
2024-02-14T15:39:51.407,-95,-95,-13,-20,7,2147483647,1,c213b90a14211698,6257,4375,736x414,1920x1080,962,2.0,STATE_READY
2024-02-14T15:39:52.406,-95,-95,-13,-20,7,2147483647,1,c213b90a14211698,6257,4375,736x414,1920x1080,962,2.0,STATE_READY
2024-02-14T15:39:53.407,-95,-95,-13,-20,7,2147483647,1,c213b90a14211698,6257,4375,736x414,1920x1080,962,2.0,STATE_READY
2024-02-14T15:39:54.406,-95,-95,-13,-20,7,2147483647,1,c213b90a14211698,7393,4375,736x414,1920x1080,962,2.0,STATE_READY
2024-02-14T15:39:55.406,-95,-95,-13,-20,7,2147483647,1,c213b90a14211698,7393,4375,736x414,1920x1080,962,2.0,STATE_READY
2024-02-14T15:39:56.407,-95,-95,-13,-20,7,2147483647,1,c213b90a14211698,7038,4375,736x414,1920x1080,962,2.0,STATE_READY
2024-02-14T15:39:57.406,-95,-95,-13,-20,7,2147483647,1,c213b90a14211698,6727,4375,736x414,1920x1080,962,2.0,STATE_READY
2024-02-14T15:39:58.406,-95,-95,-13,-20,7,2147483647,1,c213b90a14211698,6727,4375,640x360,1920x1080,962,2.0,STATE_READY
2024-02-14T15:39:59.406,-95,-95,-13,-20,7,2147483647,1,c213b90a14211698,8070,4375,640x360,1920x1080,962,2.0,STATE_READY
2024-02-14T15:40:00.407,-95,-95,-13,-20,7,2147483647,1,c213b90a14211698,7220,4375,640x360,1920x1080,962,2.0,STATE_READY
2024-02-14T15:40:01.407,-95,-95,-13,-20,7,2147483647,1,c213b90a14211698,7220,4375,640x360,1920x1080,962,2.0,STATE_READY
2024-02-14T15:40:02.406,-95,-95,-13,-20,7,2147483647,1,c213b90a14211698,7220,4375,736x414,1920x1080,962,2.0,STATE_READY
2024-02-14T15:40:03.406,-95,-95,-13,-20,7,2147483647,1,c213b90a14211698,7847,4375,736x414,1920x1080,962,2.0,STATE_READY
2024-02-14T15:40:04.406,-95,-95,-13,-20,7,2147483647,1,c213b90a14211698,7074,4375,1280x720,1920x1080,962,2.0,STATE_READY
2024-02-14T15:40:05.406,-95,-95,-13,-20,7,2147483647,1,c213b90a14211698,6444,4375,1280x720,1920x1080,962,2.0,STATE_READY
2024-02-14T15:40:06.406,-95,-95,-13,-20,7,2147483647,1,c213b90a14211698,6402,4375,1920x1080,1920x1080,962,2.0,STATE_READY
2024-02-14T15:40:07.407,-95,-95,-13,-20,7,2147483647,1,c213b90a14211698,6402,4375,1920x1080,1920x1080,962,2.0,STATE_READY
2024-02-14T15:40:08.406,-95,-95,-13,-20,7,2147483647,1,c213b90a14211698,6402,4375,1920x1080,1920x1080,962,2.0,STATE_READY
2024-02-14T15:40:09.407,-95,-95,-13,-20,7,2147483647,1,c213b90a14211698,7668,4375,1920x1080,1920x1080,962,2.0,STATE_READY
2024-02-14T15:40:10.406,-95,-95,-13,-20,7,2147483647,1,c213b90a14211698,7668,4375,1920x1080,1920x1080,962,2.0,STATE_READY
2024-02-14T15:40:11.407,-95,-95,-13,-20,7,2147483647,1,c213b90a14211698,7668,4375,1920x1080,1920x1080,962,2.0,STATE_READY
2024-02-14T15:40:12.406,-95,-95,-13,-20,7,2147483647,1,c213b90a14211698,7913,4375,1920x1080,1920x1080,962,2.0,STATE_READY
2024-02-14T15:40:13.407,-95,-95,-13,-20,7,2147483647,1,c213b90a14211698,7913,4375,1920x1080,1920x1080,962,2.0,STATE_READY
2024-02-14T15:40:14.406,-95,-95,-13,-20,7,2147483647,1,c213b90a14211698,8413,4375,1920x1080,1920x1080,962,2.0,STATE_READY
2024-02-14T15:40:15.407,-95,-95,-13,-20,7,2147483647,1,c213b90a14211698,8413,4375,1920x1080,1920x1080,962,2.0,STATE_READY
2024-02-14T15:40:16.406,-95,-95,-13,-20,7,2147483647,1,c213b90a14211698,8413,4375,1920x1080,1920x1080,962,2.0,STATE_READY
2024-02-14T15:40:17.407,-95,-95,-13,-20,7,2147483647,1,c213b90a14211698,6263,4375,1920x1080,1920x1080,962,2.0,STATE_READY
2024-02-14T15:40:18.406,-95,-95,-13,-20,7,2147483647,1,c213b90a14211698,6263,4375,1920x1080,1920x1080,962,2.0,STATE_READY
2024-02-14T15:40:19.407,-95,-95,-13,-20,7,2147483647,1,c213b90a14211698,6263,4375,1920x1080,1920x1080,962,2.0,STATE_READY
2024-02-14T15:40:20.407,-95,-95,-13,-20,7,2147483647,1,c213b90a14211698,6263,4375,1920x1080,1920x1080,962,2.0,STATE_READY
2024-02-14T15:40:21.406,-95,-95,-13,-20,7,2147483647,1,c213b90a14211698,7223,4375,1920x1080,1920x1080,962,2.0,STATE_READY
2024-02-14T15:40:22.406,-95,-95,-13,-20,7,2147483647,1,c213b90a14211698,7223,4375,1920x1080,1920x1080,962,2.0,STATE_READY
2024-02-14T15:40:23.406,-95,-95,-13,-20,7,2147483647,1,c213b90a14211698,7426,4375,1920x1080,1920x1080,962,2.0,STATE_READY
2024-02-14T15:40:24.407,-95,-95,-13,-20,7,2147483647,1,c213b90a14211698,7426,4375,1920x1080,1920x1080,962,2.0,STATE_READY
2024-02-14T15:40:25.406,-95,-95,-13,-20,7,2147483647,1,c213b90a14211698,7095,4375,1920x1080,1920x1080,962,2.0,STATE_READY
2024-02-14T15:40:26.407,-95,-95,-13,-20,7,2147483647,1,c213b90a14211698,7095,4375,1920x1080,1920x1080,962,2.0,STATE_READY
2024-02-14T15:40:27.407,-95,-95,-13,-20,7,2147483647,1,c213b90a14211698,6742,4375,1920x1080,1920x1080,962,2.0,STATE_READY
2024-02-14T15:40:28.406,-95,-95,-13,-20,7,2147483647,1,c213b90a14211698,6742,4375,1920x1080,1920x1080,962,2.0,STATE_READY
2024-02-14T15:40:29.406,-95,-95,-13,-20,7,2147483647,1,c213b90a14211698,6464,4375,1920x1080,1920x1080,962,2.0,STATE_READY
2024-02-14T15:40:30.406,-95,-95,-13,-20,7,2147483647,1,c213b90a14211698,7857,4375,1920x1080,1920x1080,962,2.0,STATE_READY
2024-02-14T15:40:31.406,-95,-95,-13,-20,7,2147483647,1,c213b90a14211698,7857,4375,1920x1080,1920x1080,962,2.0,STATE_READY
2024-02-14T15:40:32.406,-95,-95,-13,-20,7,2147483647,1,c213b90a14211698,7857,4375,1920x1080,1920x1080,962,2.0,STATE_READY
2024-02-14T15:40:33.406,-95,-95,-13,-20,7,2147483647,1,c213b90a14211698,7789,4375,1920x1080,1920x1080,962,2.0,STATE_READY
2024-02-14T15:40:34.406,-95,-95,-13,-20,7,2147483647,1,c213b90a14211698,7789,4375,1920x1080,1920x1080,962,2.0,STATE_READY
2024-02-14T15:40:35.406,-95,-95,-13,-20,7,2147483647,1,c213b90a14211698,7789,4375,1920x1080,1920x1080,962,2.0,STATE_READY
2024-02-14T15:40:36.407,-95,-95,-13,-20,7,2147483647,1,c213b90a14211698,7527,4375,1920x1080,1920x1080,962,2.0,STATE_READY
2024-02-14T15:40:37.407,-95,-95,-13,-20,7,2147483647,1,c213b90a14211698,7527,4375,1920x1080,1920x1080,962,2.0,STATE_READY
2024-02-14T15:40:38.407,-95,-95,-13,-20,7,2147483647,1,c213b90a14211698,7527,4375,1920x1080,1920x1080,962,2.0,STATE_READY
2024-02-14T15:40:39.408,-95,-95,-13,-20,7,2147483647,1,c213b90a14211698,7527,4375,1920x1080,1920x1080,962,2.0,STATE_READY
2024-02-14T15:40:40.406,-95,-95,-13,-20,7,2147483647,1,c213b90a14211698,7421,4375,1920x1080,1920x1080,962,2.0,STATE_READY
2024-02-14T15:40:41.407,-95,-95,-13,-20,7,2147483647,1,c213b90a14211698,7421,4375,1920x1080,1920x1080,962,2.0,STATE_READY
2024-02-14T15:40:42.406,-95,-95,-13,-20,7,2147483647,1,c213b90a14211698,6783,4375,1920x1080,1920x1080,962,2.0,STATE_READY
2024-02-14T15:40:43.407,-95,-95,-13,-20,7,2147483647,1,c213b90a14211698,6182,4375,1920x1080,1920x1080,962,2.0,STATE_READY
2024-02-14T15:40:44.406,-95,-95,-13,-20,7,2147483647,1,c213b90a14211698,6182,4375,1920x1080,1920x1080,962,2.0,STATE_READY
2024-02-14T15:40:45.407,-95,-95,-13,-20,7,2147483647,1,c213b90a14211698,6783,4375,1920x1080,1920x1080,962,2.0,STATE_READY
2024-02-14T15:40:46.406,-95,-95,-13,-20,7,2147483647,1,c213b90a14211698,6783,4375,1920x1080,1920x1080,962,2.0,STATE_READY
2024-02-14T15:40:47.406,-95,-95,-13,-20,7,2147483647,1,c213b90a14211698,7424,4375,1920x1080,1920x1080,962,2.0,STATE_READY
2024-02-14T15:40:48.406,-95,-95,-13,-20,7,2147483647,1,c213b90a14211698,7424,4375,1920x1080,1920x1080,962,2.0,STATE_READY
2024-02-14T15:40:49.406,-95,-95,-13,-20,7,2147483647,1,c213b90a14211698,7708,4375,1920x1080,1920x1080,962,2.0,STATE_READY
2024-02-14T15:40:50.407,-95,-95,-13,-20,7,2147483647,1,c213b90a14211698,7708,4375,1920x1080,1920x1080,962,2.0,STATE_READY
2024-02-14T15:40:51.407,-95,-95,-13,-20,7,2147483647,1,c213b90a14211698,7708,4375,1920x1080,1920x1080,962,2.0,STATE_READY
2024-02-14T15:40:52.406,-95,-95,-13,-20,7,2147483647,1,c213b90a14211698,7708,4375,1920x1080,1920x1080,962,2.0,STATE_READY
2024-02-14T15:40:53.406,-95,-95,-13,-20,7,2147483647,1,c213b90a14211698,7975,4375,1920x1080,1920x1080,962,2.0,STATE_READY
2024-02-14T15:40:54.406,-95,-95,-13,-20,7,2147483647,1,c213b90a14211698,7975,4375,1920x1080,1920x1080,962,2.0,STATE_READY
2024-02-14T15:40:55.407,-95,-95,-13,-20,7,2147483647,1,c213b90a14211698,7975,4375,1920x1080,1920x1080,962,2.0,STATE_READY
2024-02-14T15:40:56.406,-95,-95,-13,-20,7,2147483647,1,c213b90a14211698,9309,4375,1920x1080,1920x1080,962,2.0,STATE_READY
2024-02-14T15:40:57.407,-95,-95,-13,-20,7,2147483647,1,c213b90a14211698,9309,4375,1920x1080,1920x1080,962,2.0,STATE_READY
2024-02-14T15:40:58.408,-95,-95,-13,-20,7,2147483647,1,c213b90a14211698,8341,4375,1920x1080,1920x1080,962,2.0,STATE_READY
2024-02-14T15:40:59.407,-95,-95,-13,-20,7,2147483647,1,c213b90a14211698,8341,4375,1920x1080,1920x1080,962,2.0,STATE_READY
2024-02-14T15:41:00.407,-95,-95,-13,-20,7,2147483647,1,c213b90a14211698,7582,4375,1920x1080,1920x1080,962,2.0,STATE_READY
2024-02-14T15:41:01.407,-95,-95,-13,-20,7,2147483647,1,c213b90a14211698,7582,4375,1920x1080,1920x1080,962,2.0,STATE_READY
2024-02-14T15:41:02.407,-95,-95,-13,-20,7,2147483647,1,c213b90a14211698,8405,4375,1920x1080,1920x1080,962,2.0,STATE_READY
2024-02-14T15:41:03.407,-95,-95,-13,-20,7,2147483647,1,c213b90a14211698,8405,4375,1920x1080,1920x1080,962,2.0,STATE_READY
2024-02-14T15:41:04.407,-95,-95,-13,-20,7,2147483647,1,c213b90a14211698,7448,4375,1920x1080,1920x1080,962,2.0,STATE_READY
2024-02-14T15:41:05.406,-95,-95,-13,-20,7,2147483647,1,c213b90a14211698,7448,4375,1920x1080,1920x1080,962,2.0,STATE_READY
2024-02-14T15:41:06.406,-95,-95,-13,-20,7,2147483647,1,c213b90a14211698,8297,4375,1920x1080,1920x1080,962,2.0,STATE_READY
2024-02-14T15:41:07.406,-95,-95,-13,-20,7,2147483647,1,c213b90a14211698,9777,4375,1920x1080,1920x1080,962,2.0,STATE_READY
2024-02-14T15:41:08.406,-95,-95,-13,-20,7,2147483647,1,c213b90a14211698,9777,4375,1920x1080,1920x1080,962,2.0,STATE_READY
2024-02-14T15:41:09.407,-95,-95,-13,-20,7,2147483647,1,c213b90a14211698,9777,4375,1920x1080,1920x1080,962,2.0,STATE_READY
2024-02-14T15:41:10.407,-95,-95,-13,-20,7,2147483647,1,c213b90a14211698,9777,4375,1920x1080,1920x1080,962,2.0,STATE_READY
2024-02-14T15:41:11.407,-95,-95,-13,-20,7,2147483647,1,c213b90a14211698,9777,4375,1920x1080,1920x1080,962,2.0,STATE_READY
2024-02-14T15:41:12.407,-95,-95,-13,-20,7,2147483647,1,c213b90a14211698,7535,4375,1920x1080,1920x1080,962,2.0,STATE_READY
2024-02-14T15:41:13.406,-95,-95,-13,-20,7,2147483647,1,c213b90a14211698,7535,4375,1920x1080,1920x1080,962,2.0,STATE_READY
2024-02-14T15:41:14.406,-95,-95,-13,-20,7,2147483647,1,c213b90a14211698,6741,4375,1920x1080,1920x1080,962,2.0,STATE_READY
2024-02-14T15:41:15.408,-95,-95,-13,-20,7,2147483647,1,c213b90a14211698,6741,4375,1920x1080,1920x1080,962,2.0,STATE_READY
2024-02-14T15:41:16.406,-95,-95,-13,-20,7,2147483647,1,c213b90a14211698,6625,4375,1920x1080,1920x1080,962,2.0,STATE_READY
2024-02-14T15:41:17.407,-95,-95,-13,-20,7,2147483647,1,c213b90a14211698,6625,4375,1920x1080,1920x1080,962,2.0,STATE_READY
2024-02-14T15:41:18.406,-95,-95,-13,-20,7,2147483647,1,c213b90a14211698,7757,4375,1920x1080,1920x1080,962,2.0,STATE_READY
2024-02-14T15:41:19.407,-95,-95,-13,-20,7,2147483647,1,c213b90a14211698,7757,4375,1920x1080,1920x1080,962,2.0,STATE_READY
2024-02-14T15:41:20.406,-95,-95,-13,-20,7,2147483647,1,c213b90a14211698,7757,4375,1920x1080,1920x1080,962,2.0,STATE_READY
2024-02-14T15:41:21.407,-95,-95,-13,-20,7,2147483647,1,c213b90a14211698,7994,4375,1920x1080,1920x1080,962,2.0,STATE_READY
2024-02-14T15:41:22.406,-95,-95,-13,-20,7,2147483647,1,c213b90a14211698,7994,4375,1920x1080,1920x1080,962,2.0,STATE_READY
2024-02-14T15:41:23.406,-95,-95,-13,-20,7,2147483647,1,c213b90a14211698,8190,4375,1920x1080,1920x1080,962,2.0,STATE_READY
2024-02-14T15:41:24.406,-95,-95,-13,-20,7,2147483647,1,c213b90a14211698,8190,4375,1920x1080,1920x1080,962,2.0,STATE_READY
2024-02-14T15:41:25.407,-95,-95,-13,-20,7,2147483647,1,c213b90a14211698,8190,4375,1920x1080,1920x1080,962,2.0,STATE_READY
2024-02-14T15:41:26.406,-95,-95,-13,-20,7,2147483647,1,c213b90a14211698,8314,4375,1920x1080,1920x1080,962,2.0,STATE_READY
2024-02-14T15:41:27.408,-95,-95,-13,-20,7,2147483647,1,c213b90a14211698,8314,4375,1920x1080,1920x1080,962,2.0,STATE_READY
2024-02-14T15:41:28.406,-95,-95,-13,-20,7,2147483647,1,c213b90a14211698,6551,4375,1920x1080,1920x1080,962,2.0,STATE_READY
2024-02-14T15:41:29.407,-95,-95,-13,-20,7,2147483647,1,c213b90a14211698,6551,4375,1920x1080,1920x1080,962,2.0,STATE_READY
2024-02-14T15:41:30.406,-95,-95,-13,-20,7,2147483647,1,c213b90a14211698,6551,4375,1920x1080,1920x1080,962,2.0,STATE_READY
2024-02-14T15:41:31.406,-95,-95,-13,-20,7,2147483647,1,c213b90a14211698,6551,4375,1920x1080,1920x1080,962,2.0,STATE_READY
2024-02-14T15:41:32.406,-95,-95,-13,-20,7,2147483647,1,c213b90a14211698,7205,4375,1920x1080,1920x1080,962,2.0,STATE_READY
2024-02-14T15:41:33.407,-95,-95,-13,-20,7,2147483647,1,c213b90a14211698,7205,4375,1920x1080,1920x1080,962,2.0,STATE_READY
2024-02-14T15:41:34.406,-95,-95,-13,-20,7,2147483647,1,c213b90a14211698,8779,4375,1920x1080,1920x1080,962,2.0,STATE_READY
2024-02-14T15:41:35.407,-95,-95,-13,-20,7,2147483647,1,c213b90a14211698,8779,4375,1920x1080,1920x1080,962,2.0,STATE_READY
2024-02-14T15:41:36.406,-95,-95,-13,-20,7,2147483647,1,c213b90a14211698,9316,4375,1920x1080,1920x1080,962,2.0,STATE_READY
2024-02-14T15:41:37.407,-95,-95,-13,-20,7,2147483647,1,c213b90a14211698,9316,4375,1920x1080,1920x1080,962,2.0,STATE_READY
2024-02-14T15:41:38.406,-95,-95,-13,-20,7,2147483647,1,c213b90a14211698,8495,4375,1920x1080,1920x1080,962,2.0,STATE_READY
2024-02-14T15:41:39.406,-95,-95,-13,-20,7,2147483647,1,c213b90a14211698,8495,4375,1920x1080,1920x1080,962,2.0,STATE_READY
2024-02-14T15:41:40.406,-95,-95,-13,-20,7,2147483647,1,c213b90a14211698,8495,4375,1920x1080,1920x1080,962,2.0,STATE_READY
2024-02-14T15:41:41.407,-95,-95,-13,-20,7,2147483647,1,c213b90a14211698,8495,4375,1920x1080,1920x1080,962,2.0,STATE_READY
2024-02-14T15:41:42.406,-95,-95,-13,-20,7,2147483647,1,c213b90a14211698,8147,4375,1920x1080,1920x1080,962,2.0,STATE_READY
2024-02-14T15:41:43.407,-95,-95,-13,-20,7,2147483647,1,c213b90a14211698,8147,4375,1920x1080,1920x1080,962,2.0,STATE_READY
2024-02-14T15:41:44.407,-95,-95,-13,-20,7,2147483647,1,c213b90a14211698,6841,4375,1920x1080,1920x1080,962,2.0,STATE_READY
2024-02-14T15:41:45.407,-95,-95,-13,-20,7,2147483647,1,c213b90a14211698,6841,4375,1920x1080,1920x1080,962,2.0,STATE_READY
2024-02-14T15:41:46.406,-95,-95,-13,-20,7,2147483647,1,c213b90a14211698,6919,4375,1920x1080,1920x1080,962,2.0,STATE_READY
2024-02-14T15:41:47.406,-95,-95,-13,-20,7,2147483647,1,c213b90a14211698,6919,4375,1920x1080,1920x1080,962,2.0,STATE_READY
2024-02-14T15:41:48.406,-95,-95,-13,-20,7,2147483647,1,c213b90a14211698,7677,4375,1920x1080,1920x1080,962,2.0,STATE_READY
2024-02-14T15:41:49.406,-95,-95,-13,-20,7,2147483647,1,c213b90a14211698,7677,4375,1920x1080,1920x1080,962,2.0,STATE_READY
2024-02-14T15:41:50.407,-95,-95,-13,-20,7,2147483647,1,c213b90a14211698,9201,4375,1920x1080,1920x1080,962,2.0,STATE_READY
2024-02-14T15:41:51.407,-95,-95,-13,-20,7,2147483647,1,c213b90a14211698,9201,4375,1920x1080,1920x1080,962,2.0,STATE_READY
2024-02-14T15:41:52.406,-95,-95,-13,-20,7,2147483647,1,c213b90a14211698,9201,4375,1920x1080,1920x1080,962,2.0,STATE_READY
2024-02-14T15:41:53.406,-95,-95,-13,-20,7,2147483647,1,c213b90a14211698,8351,4375,1920x1080,1920x1080,962,2.0,STATE_READY
2024-02-14T15:41:54.407,-95,-95,-13,-20,7,2147483647,1,c213b90a14211698,8351,4375,1920x1080,1920x1080,962,2.0,STATE_READY
2024-02-14T15:41:55.406,-95,-95,-13,-20,7,2147483647,1,c213b90a14211698,7718,4375,1920x1080,1920x1080,962,2.0,STATE_READY
2024-02-14T15:41:56.406,-95,-95,-13,-20,7,2147483647,1,c213b90a14211698,7718,4375,1920x1080,1920x1080,962,2.0,STATE_READY
2024-02-14T15:41:57.407,-95,-95,-13,-20,7,2147483647,1,c213b90a14211698,7718,4375,1920x1080,1920x1080,962,2.0,STATE_READY
2024-02-14T15:41:58.406,-95,-95,-13,-20,7,2147483647,1,c213b90a14211698,7718,4375,1920x1080,1920x1080,962,2.0,STATE_READY
2024-02-14T15:41:59.406,-95,-95,-13,-20,7,2147483647,1,c213b90a14211698,7557,4375,1920x1080,1920x1080,962,2.0,STATE_READY
2024-02-14T15:42:00.406,-95,-95,-13,-20,7,2147483647,1,c213b90a14211698,7557,4375,1920x1080,1920x1080,962,2.0,STATE_READY
2024-02-14T15:42:01.407,-95,-95,-13,-20,7,2147483647,1,c213b90a14211698,7332,4375,1920x1080,1920x1080,962,2.0,STATE_READY
2024-02-14T15:42:02.406,-95,-95,-13,-20,7,2147483647,1,c213b90a14211698,7332,4375,1920x1080,1920x1080,962,2.0,STATE_READY
2024-02-14T15:42:03.407,-95,-95,-13,-20,7,2147483647,1,c213b90a14211698,7332,4375,1920x1080,1920x1080,962,2.0,STATE_READY
2024-02-14T15:42:04.407,-95,-95,-13,-20,7,2147483647,1,c213b90a14211698,7332,4375,1920x1080,1920x1080,962,2.0,STATE_READY
2024-02-14T15:42:05.407,-95,-95,-13,-20,7,2147483647,1,c213b90a14211698,7833,4375,1920x1080,1920x1080,962,2.0,STATE_READY
2024-02-14T15:42:06.406,-95,-95,-13,-20,7,2147483647,1,c213b90a14211698,7833,4375,1920x1080,1920x1080,962,2.0,STATE_READY
2024-02-14T15:42:07.407,-95,-95,-13,-20,7,2147483647,1,c213b90a14211698,8128,4375,1920x1080,1920x1080,962,2.0,STATE_READY
2024-02-14T15:42:08.406,-95,-95,-13,-20,7,2147483647,1,c213b90a14211698,8128,4375,1920x1080,1920x1080,962,2.0,STATE_READY
2024-02-14T15:42:09.407,-95,-95,-13,-20,7,2147483647,1,c213b90a14211698,8128,4375,1920x1080,1920x1080,962,2.0,STATE_READY
2024-02-14T15:42:10.406,-95,-95,-13,-20,7,2147483647,1,c213b90a14211698,8128,4375,1920x1080,1920x1080,962,2.0,STATE_READY
2024-02-14T15:42:11.406,-95,-95,-13,-20,7,2147483647,1,c213b90a14211698,8248,4375,1920x1080,1920x1080,962,2.0,STATE_READY
2024-02-14T15:42:12.408,-95,-95,-13,-20,7,2147483647,1,c213b90a14211698,8248,4375,1920x1080,1920x1080,962,2.0,STATE_READY
2024-02-14T15:42:13.407,-95,-95,-13,-20,7,2147483647,1,c213b90a14211698,8248,4375,1920x1080,1920x1080,962,2.0,STATE_READY
2024-02-14T15:42:14.406,-95,-95,-13,-20,7,2147483647,1,c213b90a14211698,8248,4375,1920x1080,1920x1080,962,2.0,STATE_READY
2024-02-14T15:42:15.407,-95,-95,-13,-20,7,2147483647,1,c213b90a14211698,8248,4375,1920x1080,1920x1080,962,2.0,STATE_READY
2024-02-14T15:42:16.407,-95,-95,-13,-20,7,2147483647,1,c213b90a14211698,8248,4375,1920x1080,1920x1080,962,2.0,STATE_READY
2024-02-14T15:42:17.407,-95,-95,-13,-20,7,2147483647,1,c213b90a14211698,7810,4375,1920x1080,1920x1080,962,2.0,STATE_READY
2024-02-14T15:42:18.406,-95,-95,-13,-20,7,2147483647,1,c213b90a14211698,7810,4375,1920x1080,1920x1080,962,2.0,STATE_READY
2024-02-14T15:42:19.406,-95,-95,-13,-20,7,2147483647,1,c213b90a14211698,6568,4375,1920x1080,1920x1080,962,2.0,STATE_READY
2024-02-14T15:42:20.407,-95,-95,-13,-20,7,2147483647,1,c213b90a14211698,6568,4375,1920x1080,1920x1080,962,2.0,STATE_READY
2024-02-14T15:42:21.407,-95,-95,-13,-20,7,2147483647,1,c213b90a14211698,5291,4375,1920x1080,1920x1080,962,2.0,STATE_READY
2024-02-14T15:42:22.406,-95,-95,-13,-20,7,2147483647,1,c213b90a14211698,5291,4375,1920x1080,1920x1080,962,2.0,STATE_READY
2024-02-14T15:42:23.406,-95,-95,-13,-20,7,2147483647,1,c213b90a14211698,5291,4375,1920x1080,1920x1080,962,2.0,STATE_READY
2024-02-14T15:42:24.406,-95,-95,-13,-20,7,2147483647,1,c213b90a14211698,5291,4375,1920x1080,1920x1080,962,2.0,STATE_READY
2024-02-14T15:42:25.407,-95,-95,-13,-20,7,2147483647,1,c213b90a14211698,5291,4375,1920x1080,1920x1080,962,2.0,STATE_READY
2024-02-14T15:42:26.406,-95,-95,-13,-20,7,2147483647,1,c213b90a14211698,5361,4375,1920x1080,1920x1080,962,2.0,STATE_READY
2024-02-14T15:42:27.407,-95,-95,-13,-20,7,2147483647,1,c213b90a14211698,5361,4375,1920x1080,1920x1080,962,2.0,STATE_READY
2024-02-14T15:42:28.406,-95,-95,-13,-20,7,2147483647,1,c213b90a14211698,5580,4375,1920x1080,1920x1080,962,2.0,STATE_READY
2024-02-14T15:42:29.407,-95,-95,-13,-20,7,2147483647,1,c213b90a14211698,5580,4375,1920x1080,1920x1080,962,2.0,STATE_READY
2024-02-14T15:42:30.406,-95,-95,-13,-20,7,2147483647,1,c213b90a14211698,5580,4375,1920x1080,1920x1080,962,2.0,STATE_READY
2024-02-14T15:42:31.407,-95,-95,-13,-20,7,2147483647,1,c213b90a14211698,9503,4375,1920x1080,1920x1080,962,2.0,STATE_READY
2024-02-14T15:42:32.406,-95,-95,-13,-20,7,2147483647,1,c213b90a14211698,9339,4375,1920x1080,1920x1080,962,2.0,STATE_READY
2024-02-14T15:42:33.407,-95,-95,-13,-20,7,2147483647,1,c213b90a14211698,9339,4375,1920x1080,1920x1080,962,2.0,STATE_READY
2024-02-14T15:42:34.406,-95,-95,-13,-20,7,2147483647,1,c213b90a14211698,9339,4375,1920x1080,1920x1080,962,2.0,STATE_READY
2024-02-14T15:42:35.407,-95,-95,-13,-20,7,2147483647,1,c213b90a14211698,7903,4375,1920x1080,1920x1080,962,2.0,STATE_READY
2024-02-14T15:42:36.407,-95,-95,-13,-20,7,2147483647,1,c213b90a14211698,7903,4375,1920x1080,1920x1080,962,2.0,STATE_READY
2024-02-14T15:42:37.407,-95,-95,-13,-20,7,2147483647,1,c213b90a14211698,8512,4375,1920x1080,1920x1080,962,2.0,STATE_READY
2024-02-14T15:42:38.407,-95,-95,-13,-20,7,2147483647,1,c213b90a14211698,8512,4375,1920x1080,1920x1080,962,2.0,STATE_READY
2024-02-14T15:42:39.407,-95,-95,-13,-20,7,2147483647,1,c213b90a14211698,7648,4375,1920x1080,1920x1080,962,2.0,STATE_READY
2024-02-14T15:42:40.407,-95,-95,-13,-20,7,2147483647,1,c213b90a14211698,7648,4375,1920x1080,1920x1080,962,2.0,STATE_READY
2024-02-14T15:42:41.406,-95,-95,-13,-20,7,2147483647,1,c213b90a14211698,7648,4375,1920x1080,1920x1080,962,2.0,STATE_READY
2024-02-14T15:42:42.407,-95,-95,-13,-20,7,2147483647,1,c213b90a14211698,9582,4375,1920x1080,1920x1080,962,2.0,STATE_READY
2024-02-14T15:42:43.407,-95,-95,-13,-20,7,2147483647,1,c213b90a14211698,9253,4375,1920x1080,1920x1080,962,2.0,STATE_READY
2024-02-14T15:42:44.407,-95,-95,-13,-20,7,2147483647,1,c213b90a14211698,7794,4375,1920x1080,1920x1080,962,2.0,STATE_READY
2024-02-14T15:42:45.407,-95,-95,-13,-20,7,2147483647,1,c213b90a14211698,7794,4375,1920x1080,1920x1080,962,2.0,STATE_READY
2024-02-14T15:42:46.406,-95,-95,-13,-20,7,2147483647,1,c213b90a14211698,7794,4375,1920x1080,1920x1080,962,2.0,STATE_READY
2024-02-14T15:42:47.407,-95,-95,-13,-20,7,2147483647,1,c213b90a14211698,7794,4375,1920x1080,1920x1080,962,2.0,STATE_READY
2024-02-14T15:42:48.406,-95,-95,-13,-20,7,2147483647,1,c213b90a14211698,8405,4375,1920x1080,1920x1080,962,2.0,STATE_READY
2024-02-14T15:42:49.407,-95,-95,-13,-20,7,2147483647,1,c213b90a14211698,8405,4375,1920x1080,1920x1080,962,2.0,STATE_READY
2024-02-14T15:42:50.408,-95,-95,-13,-20,7,2147483647,1,c213b90a14211698,8405,4375,1920x1080,1920x1080,962,2.0,STATE_READY
2024-02-14T15:42:51.407,-95,-95,-13,-20,7,2147483647,1,c213b90a14211698,8405,4375,1920x1080,1920x1080,962,2.0,STATE_READY
2024-02-14T15:42:52.406,-95,-95,-13,-20,7,2147483647,1,c213b90a14211698,8405,4375,1920x1080,1920x1080,962,2.0,STATE_READY
2024-02-14T15:42:53.407,-95,-95,-13,-20,7,2147483647,1,c213b90a14211698,7901,4375,1920x1080,1920x1080,962,2.0,STATE_READY
2024-02-14T15:42:54.406,-95,-95,-13,-20,7,2147483647,1,c213b90a14211698,7901,4375,1920x1080,1920x1080,962,2.0,STATE_READY
2024-02-14T15:42:55.407,-95,-95,-13,-20,7,2147483647,1,c213b90a14211698,7901,4375,1920x1080,1920x1080,962,2.0,STATE_READY
2024-02-14T15:42:56.406,-95,-95,-13,-20,7,2147483647,1,c213b90a14211698,7901,4375,1920x1080,1920x1080,962,2.0,STATE_READY
2024-02-14T15:42:57.407,-95,-95,-13,-20,7,2147483647,1,c213b90a14211698,7841,4375,1920x1080,1920x1080,962,2.0,STATE_READY
2024-02-14T15:42:58.406,-95,-95,-13,-20,7,2147483647,1,c213b90a14211698,7841,4375,1920x1080,1920x1080,962,2.0,STATE_READY
2024-02-14T15:42:59.407,-95,-95,-13,-20,7,2147483647,1,c213b90a14211698,7126,4375,1920x1080,1920x1080,962,2.0,STATE_READY
2024-02-14T15:43:00.406,-95,-95,-13,-20,7,2147483647,1,c213b90a14211698,7126,4375,1920x1080,1920x1080,962,2.0,STATE_READY
2024-02-14T15:43:01.407,-95,-95,-13,-20,7,2147483647,1,c213b90a14211698,7045,4375,1920x1080,1920x1080,962,2.0,STATE_READY
2024-02-14T15:43:02.406,-95,-95,-13,-20,7,2147483647,1,c213b90a14211698,7045,4375,1920x1080,1920x1080,962,2.0,STATE_READY
2024-02-14T15:43:03.406,-93,-93,-12,-20,7,2147483647,1,c213b90a14211698,7045,4375,1920x1080,1920x1080,962,2.0,STATE_READY
2024-02-14T15:43:04.406,-93,-93,-12,-20,7,2147483647,1,c213b90a14211698,7045,4375,1920x1080,1920x1080,962,2.0,STATE_READY
2024-02-14T15:43:05.407,-93,-93,-12,-20,7,2147483647,1,c213b90a14211698,7169,4375,1920x1080,1920x1080,962,2.0,STATE_READY
2024-02-14T15:43:06.406,-93,-93,-12,-20,7,2147483647,1,c213b90a14211698,7169,4375,1920x1080,1920x1080,962,2.0,STATE_READY
2024-02-14T15:43:07.407,-93,-93,-12,-20,7,2147483647,1,c213b90a14211698,7334,4375,1920x1080,1920x1080,962,2.0,STATE_READY
2024-02-14T15:43:08.406,-93,-93,-12,-20,7,2147483647,1,c213b90a14211698,7334,4375,1920x1080,1920x1080,962,2.0,STATE_READY
2024-02-14T15:43:09.407,-93,-93,-12,-20,7,2147483647,1,c213b90a14211698,7713,4375,1920x1080,1920x1080,962,2.0,STATE_READY
2024-02-14T15:43:10.406,-93,-93,-12,-20,7,2147483647,1,c213b90a14211698,7713,4375,1920x1080,1920x1080,962,2.0,STATE_READY
2024-02-14T15:43:11.407,-93,-93,-12,-20,7,2147483647,1,c213b90a14211698,7713,4375,1920x1080,1920x1080,962,2.0,STATE_READY
2024-02-14T15:43:12.406,-93,-93,-12,-20,7,2147483647,1,c213b90a14211698,7713,4375,1920x1080,1920x1080,962,2.0,STATE_READY
2024-02-14T15:43:13.407,-93,-93,-12,-20,7,2147483647,1,c213b90a14211698,6869,4375,1920x1080,1920x1080,962,2.0,STATE_READY
2024-02-14T15:43:14.406,-93,-93,-12,-20,7,2147483647,1,c213b90a14211698,6869,4375,1920x1080,1920x1080,962,2.0,STATE_READY
2024-02-14T15:43:15.407,-95,-95,-14,-30,7,2147483647,1,c213b90a14211698,6869,4375,1920x1080,1920x1080,962,2.0,STATE_READY
2024-02-14T15:43:16.406,-95,-95,-14,-30,7,2147483647,1,c213b90a14211698,6869,4375,1920x1080,1920x1080,962,2.0,STATE_READY
2024-02-14T15:43:17.407,-95,-95,-14,-30,7,2147483647,1,c213b90a14211698,7047,4375,1920x1080,1920x1080,962,2.0,STATE_READY
2024-02-14T15:43:18.406,-95,-95,-14,-30,7,2147483647,1,c213b90a14211698,7047,4375,1920x1080,1920x1080,962,2.0,STATE_READY
2024-02-14T15:43:19.406,-95,-95,-14,-30,7,2147483647,1,c213b90a14211698,7329,4375,1920x1080,1920x1080,962,2.0,STATE_READY
2024-02-14T15:43:20.406,-95,-95,-14,-30,7,2147483647,1,c213b90a14211698,7329,4375,1920x1080,1920x1080,962,2.0,STATE_READY
2024-02-14T15:43:21.406,-95,-95,-14,-30,7,2147483647,1,c213b90a14211698,7329,4375,1920x1080,1920x1080,962,2.0,STATE_READY
2024-02-14T15:43:22.406,-95,-95,-14,-30,7,2147483647,1,c213b90a14211698,7329,4375,1920x1080,1920x1080,962,2.0,STATE_READY
2024-02-14T15:43:23.407,-95,-95,-14,-30,7,2147483647,1,c213b90a14211698,7329,4375,1920x1080,1920x1080,962,2.0,STATE_READY
2024-02-14T15:43:24.407,-95,-95,-14,-30,7,2147483647,1,c213b90a14211698,6523,4375,1920x1080,1920x1080,962,2.0,STATE_READY
2024-02-14T15:43:25.406,-95,-95,-14,-30,7,2147483647,1,c213b90a14211698,6523,4375,1920x1080,1920x1080,962,2.0,STATE_READY
2024-02-14T15:43:26.406,-95,-95,-14,-30,7,2147483647,1,c213b90a14211698,6523,4375,1920x1080,1920x1080,962,2.0,STATE_READY
2024-02-14T15:43:27.407,-95,-95,-14,-30,7,2147483647,1,c213b90a14211698,6523,4375,1920x1080,1920x1080,962,2.0,STATE_READY
2024-02-14T15:43:28.406,-95,-95,-14,-30,7,2147483647,1,c213b90a14211698,6523,4375,1920x1080,1920x1080,962,2.0,STATE_READY
2024-02-14T15:43:29.407,-95,-95,-14,-30,7,2147483647,1,c213b90a14211698,7381,4375,1920x1080,1920x1080,962,2.0,STATE_READY
2024-02-14T15:43:30.406,-95,-95,-14,-30,7,2147483647,1,c213b90a14211698,7381,4375,1920x1080,1920x1080,962,2.0,STATE_READY
2024-02-14T15:43:31.407,-95,-95,-14,-30,7,2147483647,1,c213b90a14211698,7381,4375,1920x1080,1920x1080,962,2.0,STATE_READY
2024-02-14T15:43:32.406,-95,-95,-14,-30,7,2147483647,1,c213b90a14211698,7381,4375,1920x1080,1920x1080,962,2.0,STATE_READY
2024-02-14T15:43:33.406,-95,-95,-14,-30,7,2147483647,1,c213b90a14211698,7017,4375,1920x1080,1920x1080,962,2.0,STATE_READY
2024-02-14T15:43:34.406,-95,-95,-14,-30,7,2147483647,1,c213b90a14211698,7017,4375,1920x1080,1920x1080,962,2.0,STATE_READY
2024-02-14T15:43:35.406,-95,-95,-14,-30,7,2147483647,1,c213b90a14211698,7017,4375,1920x1080,1920x1080,962,2.0,STATE_READY
2024-02-14T15:43:36.406,-95,-95,-14,-30,7,2147483647,1,c213b90a14211698,7017,4375,1920x1080,1920x1080,962,2.0,STATE_READY
2024-02-14T15:43:37.407,-95,-95,-14,-30,7,2147483647,1,c213b90a14211698,7546,4375,1920x1080,1920x1080,962,2.0,STATE_READY
2024-02-14T15:43:38.407,-95,-95,-14,-30,7,2147483647,1,c213b90a14211698,7546,4375,1920x1080,1920x1080,962,2.0,STATE_READY
2024-02-14T15:43:39.407,-95,-95,-14,-30,7,2147483647,1,c213b90a14211698,7546,4375,1920x1080,1920x1080,962,2.0,STATE_READY
2024-02-14T15:43:40.407,-95,-95,-14,-30,7,2147483647,1,c213b90a14211698,8291,4375,1920x1080,1920x1080,962,2.0,STATE_READY
2024-02-14T15:43:41.406,-95,-95,-14,-30,7,2147483647,1,c213b90a14211698,8291,4375,1920x1080,1920x1080,962,2.0,STATE_READY
2024-02-14T15:43:42.407,-95,-95,-14,-30,7,2147483647,1,c213b90a14211698,9938,4375,1920x1080,1920x1080,962,2.0,STATE_READY
2024-02-14T15:43:43.406,-95,-95,-14,-30,7,2147483647,1,c213b90a14211698,9938,4375,1920x1080,1920x1080,962,2.0,STATE_READY
2024-02-14T15:43:44.406,-95,-95,-14,-30,7,2147483647,1,c213b90a14211698,12012,4375,1920x1080,1920x1080,962,2.0,STATE_READY
2024-02-14T15:43:45.406,-95,-95,-14,-30,7,2147483647,1,c213b90a14211698,9407,4375,1920x1080,1920x1080,962,2.0,STATE_READY
2024-02-14T15:43:46.406,-95,-95,-14,-30,7,2147483647,1,c213b90a14211698,9407,4375,1920x1080,1920x1080,962,2.0,STATE_READY
2024-02-14T15:43:47.406,-95,-95,-14,-30,7,2147483647,1,c213b90a14211698,9407,4375,1920x1080,1920x1080,962,2.0,STATE_READY
2024-02-14T15:43:48.407,-95,-95,-14,-30,7,2147483647,1,c213b90a14211698,8718,4375,1920x1080,1920x1080,962,2.0,STATE_READY
2024-02-14T15:43:49.406,-95,-95,-14,-30,7,2147483647,1,c213b90a14211698,8718,4375,1920x1080,1920x1080,962,2.0,STATE_READY
2024-02-14T15:43:50.406,-95,-95,-14,-30,7,2147483647,1,c213b90a14211698,8718,4375,1920x1080,1920x1080,962,2.0,STATE_READY
2024-02-14T15:43:51.406,-95,-95,-14,-30,7,2147483647,1,c213b90a14211698,8718,4375,1920x1080,1920x1080,962,2.0,STATE_READY
2024-02-14T15:43:52.406,-95,-95,-14,-30,7,2147483647,1,c213b90a14211698,7785,4375,1920x1080,1920x1080,962,2.0,STATE_READY
2024-02-14T15:43:53.407,-95,-95,-14,-30,7,2147483647,1,c213b90a14211698,7785,4375,1920x1080,1920x1080,962,2.0,STATE_READY
2024-02-14T15:43:54.406,-95,-95,-14,-30,7,2147483647,1,c213b90a14211698,7476,4375,1920x1080,1920x1080,962,2.0,STATE_READY
2024-02-14T15:43:55.407,-95,-95,-14,-30,7,2147483647,1,c213b90a14211698,7476,4375,1920x1080,1920x1080,962,2.0,STATE_READY
2024-02-14T15:43:56.408,-95,-95,-14,-30,7,2147483647,1,c213b90a14211698,7476,4375,1920x1080,1920x1080,962,2.0,STATE_READY
2024-02-14T15:43:57.407,-95,-95,-14,-30,7,2147483647,1,c213b90a14211698,7858,4375,1920x1080,1920x1080,962,2.0,STATE_READY
2024-02-14T15:43:58.407,-95,-95,-14,-30,7,2147483647,1,c213b90a14211698,7858,4375,1920x1080,1920x1080,962,2.0,STATE_READY
2024-02-14T15:43:59.406,-95,-95,-14,-30,7,2147483647,1,c213b90a14211698,7858,4375,1920x1080,1920x1080,962,2.0,STATE_READY
2024-02-14T15:44:00.406,-95,-95,-14,-30,7,2147483647,1,c213b90a14211698,8247,4375,1920x1080,1920x1080,962,2.0,STATE_READY
2024-02-14T15:44:01.406,-95,-95,-14,-30,7,2147483647,1,c213b90a14211698,8247,4375,1920x1080,1920x1080,962,2.0,STATE_READY
2024-02-14T15:44:02.407,-95,-95,-14,-30,7,2147483647,1,c213b90a14211698,9323,4375,1920x1080,1920x1080,962,2.0,STATE_READY
2024-02-14T15:44:03.406,-95,-95,-14,-30,7,2147483647,1,c213b90a14211698,9323,4375,1920x1080,1920x1080,962,2.0,STATE_READY
2024-02-14T15:44:04.407,-95,-95,-14,-30,7,2147483647,1,c213b90a14211698,10430,4375,1920x1080,1920x1080,962,2.0,STATE_READY
2024-02-14T15:44:05.406,-95,-95,-14,-30,7,2147483647,1,c213b90a14211698,10430,4375,1920x1080,1920x1080,962,2.0,STATE_READY
2024-02-14T15:44:06.406,-95,-95,-14,-30,7,2147483647,1,c213b90a14211698,11133,4375,1920x1080,1920x1080,962,2.0,STATE_READY
2024-02-14T15:44:07.407,-95,-95,-14,-30,7,2147483647,1,c213b90a14211698,12494,4375,1920x1080,1920x1080,962,2.0,STATE_READY
2024-02-14T15:44:08.406,-95,-95,-14,-30,7,2147483647,1,c213b90a14211698,12494,4375,1920x1080,1920x1080,962,2.0,STATE_READY
2024-02-14T15:44:09.406,-95,-95,-14,-30,7,2147483647,1,c213b90a14211698,12494,4375,1920x1080,1920x1080,962,2.0,STATE_READY
2024-02-14T15:44:10.406,-95,-95,-14,-30,7,2147483647,1,c213b90a14211698,9058,4375,1920x1080,1920x1080,962,2.0,STATE_READY
2024-02-14T15:44:11.406,-95,-95,-14,-30,7,2147483647,1,c213b90a14211698,9058,4375,1920x1080,1920x1080,962,2.0,STATE_READY
2024-02-14T15:44:12.407,-95,-95,-14,-30,7,2147483647,1,c213b90a14211698,8084,4375,1920x1080,1920x1080,962,2.0,STATE_READY
2024-02-14T15:44:13.406,-95,-95,-14,-30,7,2147483647,1,c213b90a14211698,8084,4375,1920x1080,1920x1080,962,2.0,STATE_READY
2024-02-14T15:44:14.407,-95,-95,-14,-30,7,2147483647,1,c213b90a14211698,8407,4375,1920x1080,1920x1080,962,2.0,STATE_READY
2024-02-14T15:44:15.407,-95,-95,-14,-30,7,2147483647,1,c213b90a14211698,8407,4375,1920x1080,1920x1080,962,2.0,STATE_READY
2024-02-14T15:44:16.406,-95,-95,-14,-30,7,2147483647,1,c213b90a14211698,8407,4375,1920x1080,1920x1080,962,2.0,STATE_READY
